N,ext_forcing_freq,ext_force_amp,osc0kn,osc0w,osc1kn,osc1w,osc2kn,osc2w,osc3kn,osc3w,osc4kn,osc4w,osc5kn,osc5w,osc6kn,osc6w,osc7kn,osc7w,osc8kn,osc8w,osc9kn,osc9w,osc10kn,osc10w,osc11kn,osc11w,osc12kn,osc12w,osc13kn,osc13w,osc14kn,osc14w,osc15kn,osc15w,osc16kn,osc16w,osc17kn,osc17w,osc18kn,osc18w,osc19kn,osc19w,osc20kn,osc20w,osc21kn,osc21w,osc22kn,osc22w,osc23kn,osc23w,osc24kn,osc24w,osc25kn,osc25w,osc26kn,osc26w,osc27kn,osc27w,osc28kn,osc28w,osc29kn,osc29w,osc30kn,osc30w,osc31kn,osc31w,osc32kn,osc32w,osc33kn,osc33w,osc34kn,osc34w,osc35kn,osc35w,osc36kn,osc36w,osc37kn,osc37w,osc38kn,osc38w,osc39kn,osc39w,osc40kn,osc40w,osc41kn,osc41w,osc42kn,osc42w,osc43kn,osc43w,osc44kn,osc44w,osc45kn,osc45w,osc46kn,osc46w,osc47kn,osc47w,osc48kn,osc48w,osc49kn,osc49w,osc50kn,osc50w,osc51kn,osc51w,osc52kn,osc52w,osc53kn,osc53w,osc54kn,osc54w,osc55kn,osc55w,osc56kn,osc56w,osc57kn,osc57w,osc58kn,osc58w,osc59kn,osc59w,osc60kn,osc60w,osc61kn,osc61w,osc62kn,osc62w,osc63kn,osc63w,osc64kn,osc64w,osc65kn,osc65w,osc66kn,osc66w,osc67kn,osc67w,osc68kn,osc68w,osc69kn,osc69w,osc70kn,osc70w,osc71kn,osc71w,osc72kn,osc72w,osc73kn,osc73w,osc74kn,osc74w,osc75kn,osc75w,osc76kn,osc76w,osc77kn,osc77w,osc78kn,osc78w,osc79kn,osc79w,
80,0.0,0.0,0.019736841,0.0,0.019736841,0.0,0.019736841,0.0,0.019736841,0.0,0.019736841,0.0,0.019736841,0.0,0.019736841,0.0,0.019736841,0.0,0.019736841,0.0,0.019736841,0.0,0.039473683,0.0,0.039473683,0.0,0.039473683,0.0,0.039473683,0.0,0.039473683,0.0,0.039473683,0.0,0.039473683,0.0,0.039473683,0.0,0.039473683,0.0,0.039473683,0.0,0.059210528,0.0,0.059210528,0.0,0.059210528,0.0,0.059210528,0.0,0.059210528,0.0,0.059210528,0.0,0.059210528,0.0,0.059210528,0.0,0.059210528,0.0,0.059210528,0.0,0.078947365,0.0,0.078947365,0.0,0.078947365,0.0,0.078947365,0.0,0.078947365,0.0,0.078947365,0.0,0.078947365,0.0,0.078947365,0.0,0.078947365,0.0,0.078947365,0.0,0.098684214,0.0,0.098684214,0.0,0.098684214,0.0,0.098684214,0.0,0.098684214,0.0,0.098684214,0.0,0.098684214,0.0,0.098684214,0.0,0.098684214,0.0,0.098684214,0.0,0.118421055,0.0,0.118421055,0.0,0.118421055,0.0,0.118421055,0.0,0.118421055,0.0,0.118421055,0.0,0.118421055,0.0,0.118421055,0.0,0.118421055,0.0,0.118421055,0.0,0.13815789,0.0,0.13815789,0.0,0.13815789,0.0,0.13815789,0.0,0.13815789,0.0,0.13815789,0.0,0.13815789,0.0,0.13815789,0.0,0.13815789,0.0,0.13815789,0.0,0.15789473,0.0,0.15789473,0.0,0.15789473,0.0,0.15789473,0.0,0.15789473,0.0,0.15789473,0.0,0.15789473,0.0,0.15789473,0.0,0.15789473,0.0,0.15789473,0.0,